{
	"ignoreSilencedStatusEffects": true,
	"positiveStatusEffectGainSoundEffect": {
		"shouldPlay": true,
		"pitch": 1.4,
		"volume": 0.5,
		"id": "positiveStatusEffectGain",
		"soundEvent": "minecraft:block.note_block.chime"
	},
	"negativeStatusEffectGainSoundEffect": {
		"shouldPlay": true,
		"pitch": 0.5,
		"volume": 0.5,
		"id": "negativeStatusEffectGain",
		"soundEvent": "minecraft:entity.allay.hurt"
	},
	"positiveStatusEffectLoseSoundEffect": {
		"shouldPlay": true,
		"pitch": 0.5,
		"volume": 0.5,
		"id": "positiveStatusEffectLose",
		"soundEvent": "minecraft:entity.allay.item_thrown"
	},
	"negativeStatusEffectLoseSoundEffect": {
		"shouldPlay": true,
		"pitch": 0.5,
		"volume": 0.5,
		"id": "negativeStatusEffectLose",
		"soundEvent": "minecraft:entity.allay.item_thrown"
	}
}